doc,original_text,reference_summary,summary_word_count,original_words,summary_words,sum_/_original
Privacy Policy,here are some of the types of information we collect log data. when you use pinterest or go to a webpage or use an app that has pinterest features like our pin it button our servers automatically record information log data including information that your browser sends whenever you visit a website or your mobile app sends when you re using it. this log data may include your internet protocol address the address of the web pages you visited that had pinterest features browser type and settings the date and time of your request how you used pinterest and cookie data.,pinterest collects user log data such as ip addresses browser type and settings the date and time people access pinterest and the way they use it. they also collect user log data on other websites that contain pin it buttons.,40,101,40,0.39603960396039606
Apple Website Terms of Service,apple administers and operates the www apple com site from its location in cupertino california usa other apple sites may be administered and operated from various locations outside the united states. although the site is accessible worldwide not all features products or services discussed referenced provided or offered through or on the site are available to all persons or in all geographic locations or appropriate or available for use outside the united states. apple reserves the right to limit in its sole discretion the provision and quantity of any feature product or service to any person or geographic area. any offer for any feature product or service made on the site is void where prohibited. if you choose to access the site from outside the united states you do so on your own initiative and you are solely responsible for complying with applicable local laws.,not all apple products or services are available to everyone or in all locations. apple may limit any product or service to any person or area. products and services are not available where prohibited by law. you are responsible for complying with local laws if accessing the website outside of the u s.,53,145,53,0.36551724137931035
Terms,we may revise these terms from time to time to better reflect a changes to the law b new regulatory requirements or c improvements or enhancements made to our services. if an update affects your use of the services or your legal rights as a user of our services we ll notify you prior to the update s effective date by sending an email to the email address associated with your account or via an in product notification. these updated terms will be effective no less than 30 days from when we notify you. if you don t agree to the updates we make please cancel your account before they become effective.,they can change the terms of service any time they see fit but they will notify the user. your use of the service supposedly constitutes acceptance of the changes in the terms.,32,112,32,0.2857142857142857
Dropbox Terms of Service,you re free to stop using our services at any time. we also reserve the right to suspend or end the services at any time at our discretion and without notice. for example we may suspend or terminate your use of the services if you re not complying with these terms or use the services in a manner that would cause us legal liability disrupt the services or disrupt others use of the services. except for paid accounts we reserve the right to terminate and delete your account if you haven t accessed our services for 12 consecutive months. we ll of course provide you with notice via the email address associated with your account before we do so.,dropbox can end their services at any time without notice. for free accounts they can delete your account if you haven t used dropbox for 12 months. they ll email you before doing so.,34,119,34,0.2857142857142857
Terms of Service,to the extent it is necessary in order for soundcloud to provide you with any of the aforementioned hosting services to undertake any of the tasks set forth in these terms of use including the distribution of advertising or other promotional material on our platform and or to enable your use of the platform you hereby grant such licenses to soundcloud on a limited worldwide non exclusive royalty free and fully paid basis. by uploading your content to the platform you also grant a limited worldwide non exclusive royalty free fully paid up license to other users of the platform and to operators and users of any other websites apps and or platforms to which your content has been shared or embedded using the services linked services to use copy listen to offline repost transmit or otherwise distribute publicly display publicly perform adapt prepare derivative works of compile make available and otherwise communicate to the public your content utilizing the features of the platform from time to time and within the parameters set by you using the services.,you only grant to soundcloud the rights necessary to operate the services. you grant to the public the rights to listen and to share your tracks within the parameters set by you for each track. you can also publish easily your tracks under a creative commons license of your choice.,50,178,50,0.2808988764044944
Dropbox Terms of Service,billing. you can increase your storage space and add paid features to your account turning your account into a paid account. we ll automatically bill you from the date you convert to a paid account and on each periodic renewal until cancellation. you re responsible for all applicable taxes and we ll charge tax when required to do so. no refunds. you may cancel your dropbox paid account at any time but you won t be issued a refund. downgrades. your paid account will remain in effect until it s cancelled or terminated under these terms. if you don t pay for your paid account on time we reserve the right to suspend it or reduce your storage to free space levels. you re responsible for all taxes and we may charge taxes when required to do so. changes. we may change the fees in effect but will give you advance notice of these changes via a message to the email address associated with your account.,you re responsible to pay any bills you re not entitled to any refunds and if you re late on payments dropbox can suspend or reduce the storage on your account. they can also change their pricing but will email you if they do.,44,166,44,0.26506024096385544
Terms of Service,15 1 this agreement shall be effective for a 30 day term at the end of which it will automatically and continuously renew for subsequent 30 day terms until such time when you or airbnb terminate the agreement in accordance with this provision. 15 2 you may terminate this agreement at any time by sending us an email. if you cancel your airbnb account as a host any confirmed booking s will be automatically cancelled and your guests will receive a full refund. if you cancel your airbnb account as a guest any confirmed booking s will be automatically cancelled and any refund will depend upon the terms of the listing s cancellation policy.,users have the right to cancel their account at any time. however this cancellation is only effective after the 30 day term of the agreement is over.,27,114,27,0.23684210526315788
Terms of Service,by posting visual content to the site you grant to 500px a non exclusive or exclusive transferable fully paid worldwide license to use sublicense distribute reproduce modify adapt publicly perform and publicly display such visual content in connection with the services. this license will exist for the period during which the visual content is posted on the site and will automatically terminate upon the removal of the visual content from the site subject to the terms of any license granted by an authorized 500px distributor the license granted to 500px includes the right to use visual content fully or partially for promotional reasons and to distribute and redistribute visual content to other parties websites authorized agents applications and other entities provided such visual content is attributed in accordance with the required credits i e. username or collection name profile picture photo title descriptions tags and other accompanying information if any and as appropriate as submitted to 500px subject to any credit requirements governing the licensing of visual content pursuant to the contributor agreement notwithstanding the foregoing no inadvertent failure to provide appropriate attribution shall be considered a breach of these terms 500px and its distributors have the right to modify alter and amend photo titles descriptions tags metadata and other accompanying information for any visual content and the right to submit visual content to other parties and authorized agents for the purpose of creating tags for visual content.,the copyright license you grant to 500px is transferable and sublicensable. the copyright license is limited for use in connection with the services which includes promotional uses and redistribution to other parties web sites applications and other entities if you are credited properly. the license on your content terminates when you remove such content.,54,238,54,0.226890756302521
Facebook Terms of Service (Statement of Rights and Responsibilities),facebook users provide their real names and information and we need your help to keep it that way. here are some commitments you make to us relating to registering and maintaining the security of your account you will not provide any false personal information on facebook or create an account for anyone other than yourself without permission. you will not create more than one personal account. if we disable your account you will not create another one without our permission. you will not use your personal timeline primarily for your own commercial gain and will use a facebook page for such purposes. you will not use facebook if you are under 13 you will not use facebook if you are a convicted sex offender. you will keep your contact information accurate and up to date. you will not share your password or in the case of developers your secret key let anyone else access your account or do anything else that might jeopardize the security of your account. you will not transfer your account including any page or application you administer to anyone without first getting our written permission. if you select a username or similar identifier for your account or page we reserve the right to remove or reclaim it if we believe it is appropriate such as when a trademark owner complains about a username that does not closely relate to a user s actual name.,you can t fake your personal info create a new account if facebook disables yours use a personal facebook only for business be under 13 be a convicted sex offender or transfer your account without permission. you can only have one personal account and have to keep your contact information accurate.,51,238,51,0.21428571428571427
Dropbox Terms of Service,you re responsible for your conduct your stuff and you must comply with our acceptable use policy. content in the services may be protected by others intellectual property rights. please don t copy upload download or share content unless you have the right to do so. we may review your conduct and content for compliance with these terms and our acceptable use policy. with that said we have no obligation to do so. we aren t responsible for the content people post and share via the services. please safeguard your password to the services make sure that others don t have access to it and keep your account information current. finally our services are not intended for and may not be used by people under the age of 13. by using our services you are representing to us that you re over 13 we respect the intellectual property of others and ask that you do too. we respond to notices of alleged copyright infringement if they comply with the law and such notices should be reported using our dmca process. we reserve the right to delete or disable content alleged to be infringing and terminate accounts of repeat infringers. our designated agent for notice of alleged copyright infringement on the services is.,you have to respect the content of others via the acceptable use policy and are responsible for any content you share. dropbox isn t liable for stuff you post on the site and can remove any copyright infringing material. also you must be over 13.,45,212,45,0.21226415094339623
Facebook Terms of Service (Statement of Rights and Responsibilities),you own all of the content and information you post on facebook and you can control how it is shared through your privacy and application settings. in addition for content that is covered by intellectual property rights like photos and videos ip content you specifically give us the following permission subject to yourprivacy and application settings you grant us a non exclusive transferable sub licensable royalty free worldwide license to use any ip content that you post on or in connection with facebook ip license. this ip license ends when you delete your ip content or your account unless your content has been shared with others and they have not deleted it. when you delete ip content it is deleted in a manner similar to emptying the recycle bin on a computer. however you understand that removed content may persist in backup copies for a reasonable period of time but will not be available to others when you use an application the application may ask for your permission to access your content and information as well as content and information that others have shared with you. we require applications to respect your privacy and your agreement with that application will control how the application can use store and transfer that content and information. to learn more about platform including how you can control what information other people may share with applications read our data use policy and platform page. when you publish content or information using the public setting it means that you are allowing everyone including people off of facebook to access and use that information and to associate it with you i e your name and profile picture.,facebook can use stuff that you post on or in connection with facebook that you have intellectual property rights to. facebook loses rights to your stuff if you delete it or your account so long as others have not shared without later deleting your stuff. publishing stuff using the public setting gives everyone else rights to that stuff.,58,280,58,0.20714285714285716
YouTube Terms of Service,d you understand that when using the service you will be exposed to content from a variety of sources and that youtube is not responsible for the accuracy usefulness safety or intellectual property rights of or relating to such content. you further understand and acknowledge that you may be exposed to content that is inaccurate offensive indecent or objectionable and you agree to waive and hereby do waive any legal or equitable rights or remedies you have or may have against youtube with respect thereto and to the extent permitted by applicable law agree to indemnify and hold harmless youtube its owners operators affiliates licensors and licensees to the fullest extent allowed by law regarding all matters related to your use of the service.,you cannot hold us liable for the videos on youtube. it s not our fault you got sick after following that cooking video s recipe.,25,124,25,0.20161290322580644
Terms of Service,you hereby agree to indemnify defend and hold harmless soundcloud its successors assigns affiliates agents directors officers employees and shareholders from and against any and all claims obligations damages losses expenses and costs including reasonable attorneys fees resulting from i any violation by you of these terms of use or our community guidelines ii any third party claim of infringement of copyright or other intellectual property rights or invasion of privacy arising from the hosting of your content on the platform and or your making available thereof to other users of the platform and or the actual use of your content by other users of the platform or linked services in accordance with these terms of use and the parameters set by you with respect to the distribution and sharing of your content iii any activity related to your account be it by you or by any other person accessing your account with or without your consent unless such activity was caused by the act or default of soundcloud.,you agree to indemnify soundcloud from all claims resulting from any third party for infringement of copyright or invastion of privacy related to your content or any activity related to your account.,32,169,32,0.1893491124260355
Terms and Conditions,we may change these terms and conditions to reflect a changes in applicable laws. b regulatory or security requirements. c relevant guidance or codes of practice. d technical alterations to jagex products. and e to improve clarity and consistency. please check the terms and conditions whenever you use a jagex product. if you are not a subscriber we will treat your continued use of a jagex product as acceptance of these changes from their effective date as shown above. if you are a subscriber we will treat the first renewal date of your subscription after the changes as your acceptance of the changes. if you do not agree with the changes you should cancel your subscription as explained below in section 14 of these terms and conditions before the renewal date.,if you are a subscriber jagex will treat the first renewal date of your subscription after the changes as your acceptance of the changes.,24,131,24,0.183206106870229
Pokemon GO Terms of Service,we may terminate your access to and use of the services at our sole discretion at any time and without notice to you. you may cancel your account at any time by accessing the pokémon go help center available at https pokemongo nianticlabs com support delete en. upon any termination discontinuation or cancellation of services or your account the following provisions of these terms will survive arbitration notice content ownership rights granted by you effect of termination on trading items virtual money and virtual goods feedback disclaimer of warranties indemnity limitation of liability dispute resolution general terms and this sentence of termination.,both you and we can terminate your account and access to services at any time for any reason.,18,102,18,0.17647058823529413
Terms of Service,to the fullest extent permitted by applicable law in no event will ibm be liable to any party for any direct indirect incidental special exemplary or consequential damages of any type whatsoever related to or arising from this web site or any use of this web site or of any site or resource linked to referenced or accessed through this web site or for the use or downloading of or access to any materials information products or services including without limitation any lost profits business interruption lost savings or loss of programs or other data even if ibm is expressly advised of the possibility of such damages.,this service assumes no liability for any losses or damages resulting from any matter relating to the service.,18,107,18,0.16822429906542055
Dropbox Terms of Service,when you use our services you provide us with things like your files content email messages contacts and so on your stuff. your stuff is yours. these terms don t give us any rights to your stuff except for the limited rights that enable us to offer the services. we need your permission to do things like hosting your stuff backing it up and sharing it when you ask us to. our services also provide you with features like photo thumbnails document previews email organization easy sorting editing sharing and searching. these and other features may require our systems to access store and scan your stuff. you give us permission to do those things and this permission extends to trusted third parties we work with.,dropbox along with their third parties are allowed to access scan store and duplicate content that you put on the service.,21,125,21,0.168
Privacy Policy,please note that if you request the erasure of your personal information we may retain some of your personal information as necessary for our legitimate business interests such as fraud detection and prevention and enhancing safety. for example if we suspend an airbnb account for fraud or safety reasons we may retain certain information from that airbnb account to prevent that member from opening a new airbnb account in the future. we may retain and use your personal information to the extent necessary to comply with our legal obligations. for example airbnb and airbnb payments may keep some of your information for tax legal reporting and auditing obligations.,this service may keep personal data after a request for erasure for business interests or legal obligations.,17,108,17,0.1574074074074074
YouTube Terms of Service,youtube accounts in order to access some features of the service you will have to create a youtube or google account. you may never use another s account without permission. when creating your account you must provide accurate and complete information. you are solely responsible for the activity that occurs on your account and you must keep your account password secure. you must notify youtube immediately of any breach of security or unauthorized use of your account. although youtube will not be liable for your losses caused by any unauthorized use of your account you may be liable for the losses of youtube or others due to such unauthorized use.,don t lie when you create your account. tell us immediately when your account has been compromised.,17,110,17,0.15454545454545454
Steam Refunds,you can request a refund for nearly any purchase on steam for any reason. maybe your pc doesn t meet the hardware requirements. maybe you bought a game by mistake. maybe you played the title for an hour and just didn t like it. it doesn t matter. valve will upon request via help steampowered com issue a refund for any reason if the request is made within fourteen days of purchase and the title has been played for less than two hours. there are more details below but even if you fall outside of the refund rules we ve described you can ask for a refund anyway and we ll take a look.,users are entitled to a refund if certain thresholds or standards are not met by the service.,17,114,17,0.14912280701754385
CoReadingWebPrivacyPolicy,cookies to better serve you we occasionally use cookies to customize your browsing experience. cookies are simple text files stored by your web browser and they provide a method of distinguishing among visitors to the web sites. cookies created on your computer by using our web sites do not contain personally identifiable information and do not compromise your privacy or security. we use the cookie feature to store a randomly generated identifying tag on your computer. you can refuse the cookie or delete the cookie file from your computer at any time by using any one of a number of widely available methods.,the cookies used by this service do not contain information that would personally identify you.,15,103,15,0.14563106796116504
Legal Documents,you expressly understand and agree that discogs shall not be liable for any direct indirect incidental special consequential or exemplary damages including but not limited to damages for loss of profits goodwill use data or other intangible losses even if discogs has been advised of the possibility of such damages resulting from i the use or the inability to use the service. ii the cost of procurement of substitute goods and services resulting from any goods data information or services purchased or obtained or messages received or transactions entered into through or from the service. iii unauthorized access to or alteration of your transmissions or data. iv statements or conduct of any third party on the service. or v any other matter relating to the service.,this service assumes no liability for any losses or damages resulting from any matter relating to the service.,18,126,18,0.14285714285714285
Privacy Policy,device information. in addition to log data we may also collect information about the device you re using pinterest on including what type of device it is what operating system you re using device settings unique device identifiers and crash data. whether we collect some or all of this information often depends on what type of device you re using and its settings. for example different types of information are available depending on whether you re using a mac or a pc or an iphone or an android phone. to learn more about what information your device makes available to us please also check the policies of your device manufacturer or software provider.,the service may use tracking pixels web beacons browser fingerprinting and or device fingerprinting on users.,16,113,16,0.1415929203539823
Terms of Service,if you have created a user account you bear the sole responsibility for information that you fill in when registering or when modifying your account. you acknowledge that you alone are responsible for the contents and consequences following their aggregation and their being shared on your boards. you agree to put the required permissions rights licenses consent and or authorization allowing you to share other s information. on the other hand you are not allowed to publish content that includes elements you are not legally authorized to possess. you will be held responsible for all content that may infringe upon the rights of others or applicable laws including rules related to the right to one s image and rights regarding intellectual property and shared content.,you are responsible for maintaining the security of your account and for the activities on your account.,17,125,17,0.136
Terms of Service,airbnb reserves the right to modify these terms at any time in accordance with this provision. if we make changes to these terms we will post the revised terms on the airbnb platform and update the last updated date at the top of these terms. we will also provide you with notice of the modifications by email at least thirty 30 days before the date they become effective. if you disagree with the revised terms you may terminate this agreement with immediate effect. we will inform you about your right to terminate the agreement in the notification email. if you do not terminate your agreement before the date the revised terms become effective your continued access to or use of the airbnb platform will constitute acceptance of the revised terms.,when the service wants to change its terms users are notified a month or more in advance.,17,130,17,0.13076923076923078
